X,Y,Z
-3.16,0.45,9.45
-3.22,0.39,9.32
-3.27,0.34,9.38
-3.25,0.28,9.4
-3.2,0.28,9.41
-3.2,0.3,9.41
-3.27,0.27,9.39
-3.25,0.3,9.34
-3.31,0.34,9.27
-3.42,0.33,9.4
-3.34,0.38,9.35
-3.24,0.29,9.3
-3.11,0.23,9.34
-3.06,0.26,9.26
-3.07,0.32,9.16
-3.13,0.28,9.22
-3.28,0.28,9.38
-3.44,0.32,9.39
-3.53,0.21,9.09
-3.66,0.2,9.21
-3.35,0.4,9.41
-3.18,0.6,9.37
-3.09,0.56,9.45
-3.27,0.26,9.34
-3.39,0.24,9.15
-3.42,0.31,9.19
-3.41,0.42,9.21
-3.4,0.44,9.21
-3.41,0.36,9.24
-3.47,0.43,9.29
-3.48,0.45,9.22
-3.5,0.34,9.17
-3.64,0.3,8.99
-3.71,0.33,9.17
-3.65,0.46,9.24
-3.73,0.52,9.33
-3.73,0.49,9.09
-3.76,0.52,9.12
-3.79,0.46,9.13
-3.76,0.47,9.12
-3.81,0.44,9.28
-3.9,0.4,9.53
-3.76,0.48,9.19
-3.7,0.43,9.12
-3.73,0.45,9.22
-3.73,0.45,9.11
-3.79,0.46,9.21
-3.79,0.42,9.22
-3.78,0.26,9.21
-3.75,0.22,9.12
-3.76,0.33,8.99
-3.76,0.48,9.02
-3.76,0.49,9.14
-3.84,0.57,9.24
-3.78,0.54,9.15
-3.76,0.38,9.01
-3.78,0.42,8.97
-3.81,0.53,8.96
-3.82,0.68,9.12
-3.89,0.7,9.33
-3.9,0.64,9.24
-4.08,0.54,9.17
-4.14,0.37,9.1
-4.08,0.36,8.97
-4.03,0.5,9.09
-3.99,0.55,9.03
-4.0,0.56,9.19
-3.97,0.51,9.0
-3.98,0.43,8.95
-4.03,0.44,9.13
-4.1,0.53,9.1
-4.14,0.57,8.99
-4.21,0.46,9.07
-4.09,0.43,9.32
-3.93,0.51,9.25
-3.82,0.41,9.17
-3.84,0.45,9.09
-4.03,0.6,8.97
-4.14,0.69,8.97
-4.13,0.54,9.26
-4.08,0.35,9.27
-4.1,0.25,8.95
-4.19,0.42,8.85
-4.12,0.84,8.88
-4.05,1.03,8.99
-3.95,0.79,8.95
-4.06,0.46,8.88
-4.06,0.54,8.88
-4.16,0.62,9.04
-4.34,0.71,9.13
-4.38,0.72,8.99
-4.2,0.37,9.06
-3.89,0.26,9.06
-3.74,0.57,9.25
-3.65,0.81,9.04
-3.79,0.7,9.06
-3.79,0.71,9.0
-4.15,0.66,9.02
-4.21,0.57,9.03
-4.21,0.47,9.15
-4.05,0.55,9.07
-3.91,0.59,9.08
-3.86,0.56,8.99
-3.92,0.56,8.86
-3.93,0.48,9.27
-3.84,0.5,9.11
-3.9,0.48,8.97
-3.91,0.47,8.96
-3.98,0.55,9.04
-4.15,0.66,8.9
-4.34,0.65,8.99
-4.44,0.58,9.09
-4.44,0.63,8.98
-4.24,0.69,8.99
-4.22,0.71,9.04
-4.02,0.67,8.92
-4.13,0.63,9.06
-4.26,0.59,9.06
-4.23,0.65,8.99
-4.12,0.64,9.15
-3.88,0.59,9.0
-3.87,0.57,8.91
-3.88,0.5,8.98
-3.92,0.44,9.02
-4.21,0.42,8.99
-4.14,0.47,9.03
-4.11,0.59,8.98
-4.16,0.77,8.96
-4.19,0.75,8.97
-3.62,0.61,9.47
-3.68,1.01,9.16
-3.42,1.39,9.22
-3.32,1.42,8.08
-4.17,1.28,9.06
-4.47,0.77,8.79
-5.02,1.27,9.43
-4.93,0.27,8.71
-4.98,0.37,8.93
-4.44,0.69,8.84
-4.36,1.27,8.86
-4.09,1.18,8.98
-3.89,0.94,9.03
-3.66,0.66,8.98
-3.7,0.22,8.65
-3.48,1.04,9.16
-4.27,1.89,9.54
-4.2,1.11,8.89
-4.43,1.13,8.8
-4.43,0.9599999,8.8
-4.34,0.61,9.08
-4.21,0.56,8.91
-2.85,0.93,9.55
-3.79,1.65,10.16
-4.28,-0.09,7.96
-4.77,0.44,7.06
-4.91,1.29,9.41
-4.93,1.21,10.33
-4.86,1.16,9.7
-5.25,1.38,9.34
-5.66,0.91,9.32
-5.7,0.7,9.05
-5.57,0.54,9.01
-5.35,-0.34,9.29
-4.93,-0.9700001,8.73
-4.65,-0.76,8.59
-4.24,0.34,8.51
-3.32,1.56,9.02
-3.08,2.19,9.55
-3.18,1.41,9.79
-3.32,0.41,9.29
-2.97,-0.16,8.99
-2.74,-0.1,9.07
-2.74,0.31,9.33
-2.47,0.6,9.67
-2.82,0.63,9.6
-2.64,0.55,9.48
-2.3,0.45,9.35
-1.95,0.34,9.28
-1.75,-0.1,9.24
-1.35,-0.25,9.55
-1.13,-0.16,9.4
-1.16,0.09,9.04
-1.31,0.51,9.35
-1.63,0.54,9.63
-2.03,0.35,9.56
-2.21,0.37,9.39
-2.43,0.3,9.62
-2.38,-0.02,9.69
-2.2,-0.14,9.44
-1.48,-0.19,9.27
-1.28,0.44,9.67
-1.49,0.21,8.95
-3.35,-0.009999999,9.44
-3.57,-0.19,9.89
-3.53,0.07,9.86
-3.29,0.29,9.94
-3.21,0.51,9.91
-3.19,0.39,9.85
-3.17,0.29,9.72
-2.96,0.21,9.55
-2.82,0.29,9.5
-2.7,0.37,9.6
-2.67,0.25,9.48
-2.66,-0.04,9.33
-2.53,-0.07,9.38
-2.51,0.08,9.36
-2.62,0.21,9.57
-2.79,0.29,9.57
-2.86,0.11,9.46
-2.9,-0.009999999,9.59
-2.88,0.02,9.69
-2.93,0.11,9.51
-2.99,0.13,9.44
-3.02,0.12,9.79
-2.85,0.06,9.95
-2.6,0.02,9.83
-2.59,-0.04,9.45
-2.84,-0.16,9.35
-2.91,-0.27,9.58
-2.79,-0.32,9.63
-2.45,-0.3,9.67
-2.39,-0.17,9.62
-2.52,-0.09,9.5
-2.8,-0.08,9.44
-2.85,-0.11,9.71
-2.79,-0.03,9.74
-2.68,0.02,9.65
-2.79,0.009999999,9.54
-3.04,0.03,9.39
-3.22,-0.02,9.25
-3.3,-0.009999999,9.37
-2.98,0.0,9.71
-2.33,-0.07,9.87
-1.95,-0.03,9.69
-2.01,0.07,9.48
-2.39,0.15,9.06
-2.77,0.0,9.43
-2.91,0.06,9.67
-2.94,0.009999999,9.56
-2.76,-0.05,9.65
-2.6,0.11,9.59
-2.69,0.22,9.7
-2.83,0.09,9.46
-2.91,-0.13,9.61
-2.92,-0.18,9.84
-2.89,-0.21,9.66
-2.94,-0.06,9.4
-2.98,0.2,9.37
-3.0,0.41,9.39
-3.16,0.4,9.48
-3.0,0.22,9.53
-2.65,0.14,9.45
-2.48,0.23,9.46
-2.61,0.37,9.43
-2.87,0.34,9.35
-3.01,0.29,9.43
-2.84,0.27,9.49
-2.63,0.18,9.71
-2.42,0.009999999,9.72
-2.39,-0.07,9.67
-2.43,0.02,9.66
-2.48,0.11,9.7
-2.52,0.05,9.56
-2.67,0.05,9.49
-2.74,-0.009999999,9.64
-2.89,-0.009999999,9.67
-2.91,0.11,9.75
-2.82,0.009999999,9.76
-2.63,-0.11,9.78
-2.54,-0.13,9.62
-2.47,-0.11,9.64
-2.37,-0.02,9.68
-2.35,0.08,9.64
-2.42,0.09,9.44
-2.57,-0.009999999,9.49
-2.6,-0.05,9.57
-2.63,0.0,9.47
-2.61,0.02,9.71
-2.61,0.03,9.63
-2.62,0.02,9.64
-2.56,-0.06,9.73
-2.56,-0.1,9.72
-2.54,-0.05,9.7
-2.61,0.02,9.61
-2.61,0.02,9.59
-2.67,0.04,9.44
-2.68,-0.009999999,9.71
-2.62,0.009999999,9.66
-2.56,0.07,9.47
-2.54,0.1,9.49
-2.56,0.11,9.62
-2.63,0.11,9.56
-2.77,0.05,9.47
-2.88,0.02,9.59
-2.82,0.08,9.6
-2.71,0.05,9.58
-2.65,0.14,9.52
-2.62,0.2,9.54
-2.65,0.17,9.61
-2.79,0.13,9.51
-2.67,0.12,9.56
-2.62,0.11,9.67
-2.57,0.14,9.61
-2.54,0.27,9.27
-2.58,0.08,9.83
-2.64,0.1,9.8
-2.6,0.05,9.45
-2.56,0.05,9.61
-2.49,0.15,9.64
-2.46,0.11,9.63
-2.63,0.11,9.42
-2.8,0.14,9.46
-2.69,0.12,9.4
-2.56,0.08,9.46
-2.54,0.02,9.65
-2.62,-0.02,9.58
-2.65,0.06,9.61
-2.66,0.09,9.57
-2.65,0.08,9.4
-2.68,0.08,9.35
-2.74,0.1,9.41
-2.81,0.09,9.44
-2.85,0.06,9.58
-2.84,0.1,9.6
-2.85,0.04,9.56
-2.9,-0.009999999,9.46
-2.95,-0.1,9.43
-2.88,-0.009999999,9.46
-2.85,0.009999999,9.43
-2.8,0.13,9.45
-2.86,0.11,9.43
-2.92,0.05,9.41
-2.97,0.0,9.71
-2.85,0.02,9.77
-2.63,0.02,9.6
-2.67,0.07,9.53
-2.58,0.1,9.42
-2.64,0.09,9.25
-2.6,0.12,9.33
-2.66,0.27,9.45
-2.66,0.2,9.58
-2.84,0.1,9.54
-3.09,-0.21,9.54
-3.28,-0.38,9.61
-3.25,-0.17,9.54
-3.25,0.04,9.49
-3.2,0.18,9.5
-3.1,0.24,9.38
-3.1,0.15,9.34
-3.16,0.09,9.47
-3.27,0.11,9.45
-3.49,0.02,9.49
-3.61,-0.1,9.51
-3.45,-0.05,9.38
-3.23,0.0,9.39
-3.04,0.1,9.45
-2.95,0.14,9.49
-2.97,0.15,9.48
-3.08,0.08,9.5
-3.21,0.009999999,9.54
-3.26,-0.05,9.45
-3.16,-0.009999999,9.45
-3.1,-0.02,9.5
-2.99,0.04,9.45
-2.96,0.05,9.39
-3.0,0.09,9.45
-3.08,0.04,9.53
-3.21,0.05,9.49
-3.27,0.04,9.43
-3.22,-0.02,9.5
-3.19,0.02,9.45
-3.21,0.13,9.22
-3.07,0.04,9.48
-3.06,0.1,9.58
-3.13,0.18,9.45
-3.21,0.03,9.35
-3.21,-0.07,9.43
-3.25,-0.06,9.49
-3.14,0.02,9.5
-3.09,0.1,9.49
-3.09,0.11,9.46
-3.07,0.09,9.51
-3.07,0.03,9.52
-3.11,-0.009999999,9.45
-3.14,0.0,9.42
-3.06,-0.009999999,9.48
-3.08,0.13,9.42
-3.05,0.11,9.39
-3.14,0.11,9.44
-3.13,-0.02,9.49
-3.14,-0.009999999,9.48
-3.15,0.009999999,9.47
-3.12,0.03,9.5
-3.07,0.05,9.5
-3.02,0.03,9.52
-3.04,0.0,9.45
-3.03,0.009999999,9.46
-3.02,0.05,9.54
-3.07,0.02,9.42
-3.08,0.009999999,9.4
-3.07,-0.03,9.56
-3.07,0.05,9.47
-3.06,0.07,9.41
-3.1,0.03,9.46
-3.13,0.08,9.45
-3.08,0.009999999,9.48
-3.03,-0.03,9.45
-3.04,0.009999999,9.43
-3.11,0.04,9.46
-3.05,0.1,9.46
-3.08,0.02,9.4
-3.16,-0.04,9.41
-3.19,0.02,9.45
-3.17,0.0,9.41
-3.08,0.03,9.48
-3.06,0.07,9.46
-3.07,0.1,9.42
-3.04,0.07,9.48
-3.05,0.009999999,9.46
-3.03,-0.02,9.45
-3.04,0.0,9.49
-2.98,0.009999999,9.49
-3.04,0.04,9.44
-3.05,0.04,9.5
-3.05,0.06,9.41
-3.01,0.06,9.51
-3.13,0.04,9.4
-3.16,0.04,9.45
-3.15,-0.009999999,9.45
-3.07,-0.02,9.47
-3.06,0.0,9.48
-3.0,0.07,9.4
-3.0,0.11,9.45
-3.04,0.05,9.45
-3.05,0.02,9.44
-3.08,0.009999999,9.46
-3.09,-0.03,9.5
-3.08,0.0,9.49
-3.07,0.06,9.48
-3.01,0.05,9.5
-2.96,0.06,9.53
-3.05,0.09,9.52
-3.07,0.07,9.45
-3.08,-0.009999999,9.43
-3.07,-0.009999999,9.51
-3.05,-0.07,9.56
-3.02,0.02,9.48
-2.97,0.05,9.51
-2.99,0.08,9.52
-2.97,0.1,9.54
-3.03,0.05,9.53
-3.13,-0.03,9.48
-3.07,0.0,9.42
-3.05,0.02,9.43
-2.96,0.04,9.53
-2.93,0.06,9.49
-2.97,0.03,9.47
-3.0,-0.009999999,9.55
-3.05,0.02,9.49
-3.09,0.0,9.52
-3.05,-0.04,9.61
-2.99,0.08,9.38
-2.97,0.08,9.41
-2.97,0.06,9.72
-2.89,0.12,9.5
-2.97,0.0,9.38
-2.93,-0.04,9.45
-2.88,-0.08,9.65
-2.87,0.0,9.63
-2.83,0.0,9.57
-2.89,0.06,9.51
-2.87,0.07,9.55
-2.9,0.03,9.57
-2.95,-0.07,9.58
-2.96,-0.02,9.55
-2.99,-0.03,9.44
-2.96,-0.05,9.49
-2.93,0.03,9.49
-2.92,0.03,9.47
-2.9,0.09,9.56
-2.9,0.0,9.51
-2.92,0.009999999,9.46
-2.94,-0.009999999,9.56
-2.9,0.0,9.54
-2.89,0.009999999,9.55
-2.85,-0.04,9.52
-2.84,0.009999999,9.47
-2.92,0.06,9.62
-2.92,0.0,9.5
-2.96,0.0,9.44
-2.91,-0.02,9.57
-2.91,-0.009999999,9.66
-2.91,0.02,9.54
-2.84,0.02,9.53
-2.84,0.02,9.56
-2.87,0.0,9.43
-2.84,-0.02,9.45
-2.89,-0.05,9.61
-2.88,-0.02,9.56
-2.86,-0.02,9.54
-2.91,0.06,9.47
-2.96,0.009999999,9.54
-3.02,0.04,9.54
-2.96,0.05,9.52
-3.0,0.03,9.51
-2.99,0.02,9.48
-2.93,-0.03,9.55
-2.94,0.04,9.51
-2.9,-0.03,9.52
-2.86,-0.009999999,9.53
-2.87,-0.009999999,9.5
-2.85,0.03,9.59
-2.86,0.06,9.54
-2.89,0.0,9.53
-2.87,-0.009999999,9.55
-2.9,0.05,9.54
-2.93,0.05,9.52
-2.87,0.02,9.48
-2.85,0.0,9.48
-2.91,0.0,9.53
-2.87,0.05,9.54
-2.93,0.06,9.49
-2.95,0.09,9.47
-2.92,0.07,9.51
-2.94,0.1,9.58
-2.93,0.04,9.51
-2.92,0.04,9.48
-2.89,0.0,9.42
-2.91,0.009999999,9.52
-2.9,0.02,9.53
-2.88,0.02,9.59
-2.85,0.07,9.59
-2.85,0.04,9.48
-2.9,0.02,9.48
-2.88,0.03,9.48
-2.87,0.08,9.46
-2.91,0.04,9.48
-2.94,0.03,9.48
-2.85,0.0,9.67
-2.92,0.03,9.6
-2.82,0.05,9.35
-2.9,0.02,9.36
-2.91,0.03,9.69
-2.87,0.11,9.47
-2.85,-0.009999999,9.45
-2.96,-0.04,9.44
-2.91,0.009999999,9.63
-2.8,-0.009999999,9.55
-2.81,0.1,9.49
-2.78,0.09,9.49
-2.81,0.11,9.44
-2.85,0.07,9.49
-2.81,0.02,9.52
-2.83,0.06,9.52
-2.84,0.03,9.5
-2.86,0.08,9.45
-2.93,0.07,9.46
-2.94,0.07,9.45
-2.95,0.06,9.48
-2.91,0.07,9.54
-2.94,0.08,9.61
-2.93,0.03,9.49
-2.92,0.04,9.51
-2.78,0.03,9.46
-2.79,0.02,9.54
-2.79,0.05,9.45
-2.85,0.08,9.57
-2.88,0.02,9.49
-2.88,0.02,9.22
-2.87,0.06,9.53
-2.85,0.09,9.68
-2.88,0.07,9.45
-2.86,0.08,9.46
-2.87,-0.02,9.63
-2.82,0.04,9.56
-2.85,0.05,9.42
-2.9,0.08,9.35
-2.94,0.06,9.44
-2.97,0.05,9.28
-2.97,0.04,9.31
-2.97,0.1,9.45
-3.03,0.05,9.56
-3.01,0.02,9.59
-3.06,0.02,9.52
-3.02,0.07,9.47
-3.02,0.03,9.45
-2.97,0.05,9.37
-2.98,0.02,9.44
-2.98,0.009999999,9.45
-3.01,-0.07,9.45
-2.97,-0.02,9.45
-2.95,0.03,9.78
-2.88,0.15,9.7
-2.85,0.19,9.47
-2.75,0.14,9.41
-2.8,0.11,9.42
-2.85,0.07,9.5
-2.94,-0.04,9.51
-2.99,0.0,9.45
-3.07,0.009999999,9.38
-3.08,0.02,9.34
-3.07,0.02,9.42
-3.03,0.07,9.39
-3.04,0.13,9.56
-3.06,0.03,9.61
-3.1,0.04,9.46
-3.08,0.09,9.32
-3.14,0.05,9.37
-3.12,0.11,9.45
-3.08,0.09,9.5
-2.99,0.16,9.42
-3.06,0.11,9.59
-3.1,0.11,9.66
-3.13,0.12,9.46
-3.15,0.0,9.38
-3.2,-0.08,9.45
-3.09,-0.06,9.47
-3.08,-0.06,9.49
-3.07,0.02,9.52
-3.08,0.04,9.46
-3.08,0.04,9.4
-3.15,0.06,9.49
-3.12,0.009999999,9.45
-3.13,0.06,9.42
-3.18,0.0,9.5
-3.18,0.06,9.43
-3.24,0.04,9.42
-3.27,0.05,9.41
-3.19,0.05,9.39
-3.24,0.03,9.43
-3.21,0.05,9.46
-3.19,0.07,9.45
-3.17,0.02,9.45
-3.15,0.02,9.48
-3.12,0.02,9.51
-3.12,0.03,9.38
-3.18,0.07,9.43
-3.22,0.05,9.42
-3.2,0.009999999,9.41
-3.2,0.009999999,9.45
-3.23,-0.02,9.56
-3.19,0.02,9.52
-3.17,0.07,9.45
-3.12,0.09,9.47
-3.08,0.06,9.46
-3.13,0.02,9.45
-3.16,0.04,9.45
-3.22,0.03,9.5
-3.26,0.04,9.45
-3.23,-0.009999999,9.48
-3.18,0.0,9.39
-3.13,0.05,9.39
-3.14,0.11,9.42
-3.17,0.07,9.33
-3.17,0.04,9.43
-3.18,0.06,9.45
-3.19,0.009999999,9.41
-3.21,0.05,9.43
-3.14,0.04,9.48
-3.19,0.08,9.45
-3.18,0.04,9.44
-3.15,0.03,9.45
-3.16,0.03,9.43
-3.14,0.06,9.46
-3.15,0.1,9.43
-3.13,0.09,9.44
-3.12,0.02,9.45
-3.13,0.02,9.45
-3.12,0.05,9.45
-3.17,0.05,9.43
-3.18,0.04,9.47
-3.12,0.06,9.42
-3.05,0.12,9.45
-3.17,0.09,9.48
-3.19,0.07,9.36
-3.12,0.02,9.41
-3.13,0.06,9.46
-3.17,0.009999999,9.53
-3.2,0.02,9.47
-3.17,0.07,9.5
-3.12,0.1,9.43
-3.12,0.08,9.46
-3.17,0.05,9.43
-3.16,0.04,9.39
-3.19,0.04,9.33
-3.14,0.05,9.31
-3.07,0.03,9.45
-3.14,0.07,9.47
-3.1,0.07,9.46
-3.08,0.05,9.45
-3.07,0.09,9.39
-3.16,0.06,9.51
-3.21,0.08,9.5
-3.18,0.1,9.22
-3.1,0.04,9.45
-3.11,0.02,9.69
-3.12,0.16,9.4
-3.07,0.12,9.24
-3.08,0.09,9.35
-3.12,0.02,9.5
-3.13,0.04,9.49
-3.12,0.0,9.5
-3.16,0.04,9.47
-3.07,0.07,9.47
-3.02,0.11,9.41
-3.01,0.09,9.57
-3.06,0.06,9.45
-3.1,0.03,9.37
-3.12,0.03,9.44
-3.1,0.09,9.46
-3.1,0.07,9.46
-3.14,0.06,9.47
-3.18,0.08,9.45
-3.14,0.07,9.49
-3.09,0.08,9.49
-3.1,0.07,9.49
-3.07,0.04,9.47
-3.0,0.03,9.37
-3.05,0.07,9.36
-3.13,0.09,9.46
-3.12,0.06,9.34
-3.16,0.03,9.37
-3.2,0.05,9.49
-3.07,0.05,9.46
-3.07,0.07,9.47
-3.07,0.02,9.58
-3.07,0.07,9.47
-3.12,0.09,9.45
-3.13,0.07,9.44
-3.15,0.04,9.41
-3.18,0.08,9.46
-3.09,0.08,9.55
-3.09,0.06,9.52
-3.09,0.09,9.47
-3.12,0.11,9.5
-3.16,0.12,9.44
-3.12,0.11,9.44
-3.09,0.06,9.42
-3.08,0.04,9.48
-3.01,0.09,9.46
-3.05,0.09,9.41
-3.07,0.11,9.32
-3.15,0.06,9.38
-3.13,0.07,9.45
-3.12,0.06,9.52
-3.13,0.07,9.47
-3.11,0.11,9.46
-3.12,0.11,9.5
-3.2,0.05,9.53
-3.15,0.02,9.48
-3.16,0.03,9.39
-3.17,0.06,9.44
-3.12,0.08,9.55
-2.99,0.06,9.45
-3.0,0.08,9.46
-3.09,0.11,9.46
-3.07,0.07,9.56
-3.03,0.02,9.46
-3.13,0.07,9.46
-3.12,0.06,9.46
-3.07,0.07,9.45
-3.08,0.12,9.45
-3.1,0.11,9.37
-3.17,0.11,9.42
-3.19,0.1,9.45
-3.11,0.04,9.51
-3.1,0.08,9.47
-3.13,0.07,9.42
-3.13,0.08,9.42
-3.16,0.09,9.36
-3.19,0.04,9.49
-3.16,0.05,9.41
-3.09,0.05,9.44
-3.13,0.07,9.42
-3.11,0.11,9.5
-3.09,0.12,9.46
-3.03,0.13,9.49
-3.06,0.11,9.43
-3.09,0.1,9.44
-3.08,0.09,9.37
-3.07,0.09,9.14
-3.15,0.07,9.56
-3.14,0.14,9.57
-3.18,0.17,9.35
-3.11,0.03,9.38
-3.11,0.09,9.42
-3.12,0.11,9.45
-3.02,0.06,9.45
-3.16,0.12,9.45
-3.16,0.12,9.42
-3.02,0.11,9.45
-3.03,0.08,9.45
-3.06,0.05,9.44
-3.13,0.08,9.46
-3.07,0.11,9.41
-3.07,0.11,9.51
-3.07,0.16,9.45
-3.09,0.15,9.41
-3.07,0.13,9.29
-3.04,0.09,9.41
-3.09,0.11,9.46
-3.05,0.08,9.51
-2.99,0.11,9.49
-3.03,0.11,9.47
-3.04,0.11,9.36
-3.1,0.13,9.46
-3.1,0.12,9.46
-3.09,0.08,9.36
-3.09,0.11,9.45
-3.09,0.1,9.61
-3.06,0.1,9.52
-3.03,0.13,9.46
-3.04,0.12,9.41
-3.07,0.11,9.5
-3.07,0.08,9.51
-3.07,0.16,9.35
-3.08,0.16,9.42
-3.15,0.09,9.54
-3.1,0.11,9.54
-3.06,0.15,9.44
-3.07,0.15,9.33
-3.11,0.11,9.45
-3.08,0.13,9.48
-3.07,0.16,9.36
-3.11,0.11,9.42
-3.11,0.14,9.36
-3.09,0.08,9.4
-3.06,0.12,9.45
-3.07,0.11,9.47
-3.03,0.14,9.44
-3.05,0.12,9.42
-3.11,0.14,9.43
-3.03,0.11,9.46
-3.07,0.16,9.28
-3.08,0.09,9.36
-3.11,0.1,9.44
-3.06,0.13,9.52
-3.06,0.12,9.47
-3.06,0.12,9.37
-3.11,0.14,9.33
-3.08,0.13,9.4
-3.12,0.1,9.44
-3.1,0.12,9.34
-3.14,0.1,9.33
-3.14,0.12,9.46
-3.14,0.1,9.42
-3.09,0.11,9.42
-3.09,0.16,9.42
-3.03,0.1,9.48
-3.05,0.09,9.42
-2.98,0.12,9.2
-3.08,0.08,9.41
-3.12,0.17,9.54
-3.12,0.17,9.42
-3.12,0.02,9.38
-3.06,0.08,9.49
-3.06,0.14,9.47
-3.06,0.14,9.41
-3.09,0.12,9.41
-3.12,0.13,9.29
-3.08,0.06,9.33
-3.11,0.06,9.23
-3.11,0.1,9.29
-3.13,0.12,9.45
-3.19,0.11,9.33
-3.29,0.14,9.35
-3.35,0.16,9.48
-3.31,0.16,9.57
-3.28,0.14,9.45
-3.14,0.11,9.45
-3.1,0.05,9.45
-3.07,0.09,9.37
-3.09,0.08,9.29
-3.09,0.07,9.36
-3.14,0.09,9.42
-3.08,0.11,9.44
-3.15,0.11,9.65
-3.14,0.009999999,9.67
-3.06,0.009999999,9.4
-3.1,-0.009999999,9.43
-3.11,-0.009999999,9.49
-3.11,0.02,9.41
-3.14,0.11,9.45
-3.06,0.11,9.44
-3.1,0.11,9.39
-3.14,0.08,9.33
-3.27,0.06,9.4
-3.3,0.03,9.48
-3.3,0.04,9.41
-3.27,0.04,9.45
-3.3,0.11,9.42
-3.32,0.07,9.41
-3.24,0.07,9.45
-3.22,0.1,9.43
-3.22,0.07,9.39
-3.22,0.06,9.36
-3.23,0.09,9.33
-3.26,0.11,9.4
-3.27,0.11,9.45
-3.23,0.07,9.48
-3.15,0.07,9.47
-3.2,0.1,9.38
-3.17,0.1,9.39
-3.17,0.06,9.42
-3.18,0.05,9.43
-3.27,0.0,9.36
-3.29,0.05,9.39
-3.26,0.05,9.36
-3.27,0.09,9.37
-3.26,0.11,9.42
-3.3,0.1,9.38
-3.3,0.05,9.42
-3.33,0.03,9.43
-3.35,0.05,9.36
-3.35,0.06,9.4
-3.27,0.06,9.35
-3.26,0.1,9.41
-3.3,0.04,9.46
-3.3,0.06,9.4
-3.22,0.07,9.41
-3.22,0.06,9.43
-3.24,0.08,9.31
-3.22,0.1,9.43
-3.17,0.05,9.47
-3.23,0.14,9.44
-3.19,0.16,9.31
-3.2,0.05,9.32
-3.28,0.07,9.43
-3.24,0.03,9.51
-3.31,0.02,9.45
-3.26,0.08,9.4
-3.27,0.12,9.42
-3.2,0.14,9.37
-3.22,0.1,9.38
-3.19,0.11,9.45
-3.15,0.04,9.45
-3.17,0.05,9.45
-3.24,0.08,9.44
-3.29,0.06,9.45
-3.27,0.04,9.37
-3.31,0.09,9.39
-3.25,0.12,9.4
-3.3,0.11,9.34
-3.23,0.1,9.41
-3.24,0.11,9.45
-3.17,0.03,9.49
-3.12,0.07,9.43
-3.13,0.08,9.38
-3.23,0.11,9.42
-3.23,0.1,9.3
-3.3,0.11,9.34
-3.28,0.08,9.43
-3.23,0.07,9.42
-3.23,0.08,9.45
-3.19,0.09,9.42
-3.17,0.1,9.45
-3.18,0.12,9.45
-3.15,0.13,9.38
-3.19,0.1,9.4
-3.19,0.1,9.45
-3.26,0.07,9.37
-3.3,0.12,9.34
-3.26,0.11,9.33
-3.22,0.13,9.23
-3.25,0.11,9.41
-3.23,0.1,9.38
-3.18,0.1,9.37
-3.2,0.11,9.37
-3.18,0.11,9.36
-3.18,0.11,9.39
-3.25,0.11,9.43
-3.15,0.11,9.45
-3.19,0.08,9.38
-3.16,0.07,9.44
-3.19,0.11,9.42
-3.17,0.1,9.35
-3.25,0.08,9.44
-3.24,0.11,9.45
-3.2,0.09,9.39
-3.26,0.13,9.41
-3.27,0.14,9.37
-3.22,0.11,9.37
-3.19,0.11,9.37
-3.15,0.11,9.42
-3.22,0.11,9.38
-3.22,0.1,9.37
-3.13,0.11,9.44
-3.23,0.17,9.39
-3.2,0.15,9.38
-3.21,0.12,9.4
-3.22,0.09,9.42
-3.21,0.1,9.42
-3.18,0.11,9.45
-3.23,0.09,9.35
-3.18,0.11,9.38
-3.15,0.11,9.41
-3.17,0.1,9.39
-3.19,0.13,9.38
-3.2,0.1,9.41
-3.19,0.12,9.41
-3.14,0.11,9.49
-3.21,0.08,9.34
-3.17,0.12,9.43
-3.2,0.11,9.47
-3.17,0.14,9.46
-3.18,0.11,9.22
-3.21,0.12,9.39
-3.23,0.06,9.6
-3.26,0.14,9.39
-3.18,0.14,9.34
-3.13,0.1,9.45
-3.11,0.08,9.46
-3.15,0.07,9.45
-3.12,0.1,9.39
-3.21,0.08,9.33
-3.22,0.05,9.42
-3.08,0.08,9.41
-3.07,0.11,9.37
-3.09,0.13,9.29
-3.2,0.13,9.39
-3.23,0.12,9.5
-3.21,0.12,9.56
-3.28,0.11,9.51
-3.27,0.1,9.43
-3.25,0.1,9.43
-3.21,0.12,9.41
-3.2,0.16,9.46
-3.15,0.14,9.46
-3.11,0.15,9.47
-3.13,0.16,9.43
-3.07,0.06,9.46
-3.04,0.11,9.51
-3.07,0.1,9.45
-3.12,0.09,9.28
-3.13,0.16,9.38
-3.17,0.11,9.4
-3.22,0.08,9.4
-3.24,0.08,9.45
-3.16,0.11,9.41
-3.14,0.11,9.47
-3.19,0.12,9.51
-3.19,0.12,9.5
-3.18,0.12,9.47
-3.17,0.15,9.44
-3.17,0.1,9.42
-3.2,0.09,9.41
-3.12,0.14,9.31
-3.24,0.11,9.38
-3.21,0.12,9.48
-3.22,0.09,9.53
-3.15,0.16,9.58
-3.15,0.13,9.47
-3.06,0.17,9.43
-3.08,0.14,9.35
-3.13,0.11,9.41
-3.16,0.12,9.45
-3.09,0.19,9.39
-3.18,0.19,9.43
-3.14,0.15,9.45
-3.16,0.15,9.48
-3.15,0.19,9.44
-3.1,0.2,9.45
-3.13,0.18,9.44
-3.1,0.17,9.45
-3.14,0.15,9.36
-3.17,0.13,9.41
-3.11,0.13,9.45
-3.15,0.21,9.45
-3.14,0.23,9.49
-3.12,0.21,9.46
-3.07,0.19,9.32
-3.09,0.16,9.3
-3.12,0.14,9.35
-3.13,0.18,9.44
-3.11,0.14,9.46
-3.06,0.21,9.41
-3.15,0.19,9.37
-3.12,0.15,9.49
-3.12,0.16,9.45
-3.13,0.2,9.43
-3.09,0.23,9.48
-3.07,0.17,9.37
-3.05,0.22,9.16
-3.18,0.2,9.59
-3.2,0.23,9.45
-3.15,0.23,9.43
-3.08,0.16,9.5
-3.09,0.22,9.44
-3.09,0.18,9.42
-3.13,0.19,9.37
-3.1,0.23,9.42
-3.14,0.24,9.41
-3.05,0.21,9.47
-2.95,0.27,9.51
-2.99,0.27,9.41
-3.07,0.26,9.46
-3.15,0.26,9.4
-3.13,0.26,9.45
-3.12,0.26,9.44
-3.09,0.33,9.45
-3.12,0.3,9.43
-3.13,0.3,9.45
-3.14,0.3,9.43
-3.1,0.3,9.47
-3.07,0.32,9.36
-3.1,0.32,9.42
-3.03,0.3,9.43
-3.07,0.21,9.56
-3.06,0.23,9.39
-3.04,0.21,9.34
-3.05,0.23,9.45
-3.14,0.2,9.45
-3.15,0.25,9.35
-3.14,0.2,9.37
-3.04,0.22,9.52
-3.02,0.24,9.49
-3.01,0.26,9.35
-3.03,0.22,9.3
-3.07,0.21,9.42
-3.2,0.23,9.43
-3.17,0.24,9.45
-3.15,0.24,9.36
-3.19,0.26,9.44
-3.12,0.27,9.54
-3.03,0.23,9.45
-3.08,0.21,9.44
-3.07,0.26,9.35
-3.09,0.24,9.37
-3.14,0.28,9.38
-3.12,0.26,9.18
-3.17,0.25,9.39
-3.11,0.24,9.51
-3.08,0.22,9.48
-3.05,0.27,9.32
-3.02,0.24,9.33
-3.14,0.23,9.4
-3.2,0.23,9.34
-3.24,0.22,9.3
-3.23,0.22,9.3
-3.11,0.22,9.44
-3.08,0.2,9.41
-3.12,0.2,9.35
-3.15,0.2,9.34
-3.16,0.19,9.32
-3.18,0.28,9.27
-3.22,0.2,9.33
-3.22,0.26,9.4
-3.25,0.22,9.54
-3.23,0.24,9.34
-3.32,0.21,9.43
-3.23,0.25,9.46
-3.23,0.31,9.27
-3.27,0.19,9.24
-3.2,0.15,9.47
-3.21,0.16,9.47
-3.14,0.17,9.42
-3.12,0.19,9.5
-3.16,0.26,9.51
-3.18,0.25,9.34
-3.19,0.28,9.35
-3.16,0.28,9.34
-3.18,0.18,9.37
-3.25,0.15,9.36
-3.29,0.17,9.41
-3.3,0.11,9.43
-3.25,0.13,9.42
-3.28,0.15,9.45
-3.26,0.18,9.41
-3.26,0.2,9.34
-3.29,0.18,9.33
-3.25,0.17,9.39
-3.26,0.12,9.45
-3.23,0.08,9.44
-3.23,0.1,9.33
-3.2,0.16,9.33
-3.29,0.16,9.3
-3.24,0.16,9.24
-3.29,0.17,9.35
-3.29,0.1,9.44
-3.27,0.08,9.48
-3.3,0.15,9.45
-3.27,0.09,9.43
-3.26,0.14,9.46
-3.21,0.14,9.45
-3.33,0.15,9.36
-3.21,0.13,9.33
-3.31,0.11,9.36
-3.27,0.07,9.39
-3.34,0.11,9.34
-3.3,0.13,9.35
-3.3,0.15,9.43
-3.28,0.18,9.42
-3.34,0.18,9.37
-3.31,0.2,9.38
-3.35,0.14,9.35
-3.37,0.17,9.34
-3.37,0.11,9.39
-3.31,0.13,9.34
-3.34,0.12,9.36
-3.3,0.11,9.33
-3.28,0.13,9.38
-3.23,0.15,9.37
-3.3,0.12,9.34
-3.36,0.1,9.4
-3.36,0.09,9.3
-3.34,0.13,9.32
-3.3,0.13,9.22
-3.28,0.11,9.36
-3.31,0.07,9.4
-3.3,0.11,9.42
-3.3,0.07,9.39
-3.33,0.07,9.33
-3.32,0.1,9.36
-3.32,0.12,9.37
-3.33,0.16,9.34
-3.4,0.11,9.41
-3.41,0.14,9.33
-3.33,0.09,9.38
-3.3,0.09,9.39
-3.31,0.14,9.39
-3.27,0.15,9.4
-3.28,0.15,9.2
-3.31,0.11,9.42
-3.33,0.1,9.56
-3.34,0.21,9.25
-3.31,0.13,9.22
-3.26,0.08,9.3
-3.26,0.11,9.39
-3.32,0.07,9.37
-3.32,0.11,9.38
-3.28,0.1,9.41
-3.26,0.17,9.42
-3.19,0.14,9.42
-3.27,0.14,9.31
-3.25,0.11,9.24
-3.25,0.12,9.37
-3.29,0.11,9.43
-3.35,0.14,9.37
-3.33,0.13,9.36
-3.32,0.15,9.33
-3.31,0.11,9.38
-3.27,0.13,9.36
-3.36,0.15,9.32
-3.29,0.14,9.43
-3.25,0.13,9.42
-3.21,0.13,9.39
-3.26,0.12,9.38
-3.16,0.15,9.41
-3.26,0.16,9.36
-3.28,0.1,9.3
-3.33,0.14,9.34
-3.34,0.12,9.48
-3.3,0.11,9.38
-3.29,0.12,9.37
-3.29,0.16,9.4
-3.23,0.14,9.4
-3.2,0.13,9.39
-3.13,0.09,9.45
-3.28,0.11,9.41
-3.33,0.14,9.31
-3.38,0.15,9.4
-3.28,0.15,9.37
-3.29,0.12,9.37
-3.29,0.11,9.43
-3.26,0.18,9.35
-3.27,0.17,9.33
-3.27,0.16,9.32
-3.27,0.15,9.37
-3.3,0.18,9.36
-3.3,0.16,9.38
-3.3,0.13,9.4
-3.27,0.12,9.36
-3.28,0.14,9.43
-3.2,0.19,9.39
-3.26,0.17,9.39
-3.29,0.15,9.39
-3.32,0.1,9.4
-3.3,0.14,9.41
-3.28,0.13,9.38
-3.29,0.15,9.4
-3.28,0.14,9.45
-3.29,0.16,9.36
-3.27,0.15,9.4
-3.27,0.12,9.35
-3.31,0.1,9.4
-3.24,0.14,9.32
-3.28,0.13,9.38
-3.26,0.13,9.39
-3.28,0.15,9.39
-3.27,0.12,9.42
-3.29,0.14,9.4
-3.26,0.17,9.41
-3.23,0.13,9.44
-3.26,0.11,9.39
-3.25,0.17,9.3
-3.22,0.13,9.36
-3.28,0.18,9.37
-3.27,0.15,9.39
-3.27,0.11,9.44
-3.3,0.13,9.44
-3.23,0.15,9.41
-3.22,0.19,9.4
-3.17,0.19,9.38
-3.22,0.18,9.41
-3.26,0.12,9.36
-3.3,0.15,9.36
-3.36,0.12,9.31
-3.3,0.12,9.31
-3.25,0.15,9.4
-3.24,0.14,9.46
-3.2,0.17,9.34
-3.31,0.19,9.39
-3.3,0.12,9.45
-3.23,0.1,9.49
-3.22,0.15,9.2
-3.26,0.14,9.28
-3.3,0.16,9.47
-3.26,0.32,9.35
-3.31,0.17,9.3
-3.28,0.11,9.44
-3.29,0.14,9.41
-3.23,0.12,9.35
-3.24,0.17,9.38
-3.27,0.17,9.42
-3.15,0.17,9.49
-3.18,0.13,9.37
-3.24,0.12,9.31
-3.28,0.15,9.36
-3.26,0.19,9.41
-3.3,0.2,9.46
-3.26,0.17,9.4
-3.25,0.2,9.34
-3.26,0.18,9.4
-3.27,0.19,9.5
-3.29,0.19,9.36
-3.26,0.15,9.38
-3.25,0.13,9.52
-3.23,0.21,9.45
-3.16,0.18,9.39
-3.22,0.21,9.34
-3.27,0.25,9.31
-3.27,0.22,9.28
-3.24,0.2,9.27
-3.31,0.2,9.41
-3.31,0.19,9.49
-3.28,0.2,9.37
-3.23,0.2,9.32
-3.24,0.19,9.35
-3.19,0.18,9.4
-3.28,0.2,9.4
-3.27,0.19,9.45
-3.3,0.24,9.38
-3.29,0.25,9.31
-3.2,0.14,9.37
-3.3,0.21,9.32
-3.36,0.22,9.34
-3.37,0.27,9.38
-3.26,0.24,9.39
-3.26,0.23,9.33
-3.3,0.19,9.34
-3.31,0.21,9.45
-3.26,0.23,9.39
-3.25,0.21,9.32
-3.3,0.2,9.46
-3.28,0.22,9.33
-3.3,0.28,9.47
-3.28,0.25,9.41
-3.25,0.22,9.37
-3.29,0.2,9.33
-3.25,0.23,9.39
-3.25,0.19,9.33
-3.31,0.21,9.39
-3.31,0.22,9.33
-3.35,0.23,9.41
-3.29,0.24,9.45
-3.29,0.26,9.41
-3.31,0.24,9.36
-3.31,0.26,9.27
-3.35,0.25,9.41
-3.34,0.22,9.43
-3.25,0.23,9.35
-3.28,0.27,9.37
-3.27,0.29,9.36
-3.33,0.24,9.31
-3.32,0.27,9.36
-3.35,0.27,9.47
-3.27,0.27,9.5
-3.29,0.3,9.21
-3.34,0.26,9.33
-3.31,0.27,9.29
-3.27,0.23,9.31
-3.28,0.34,9.42
-3.3,0.38,9.27
-3.31,0.28,9.33
-3.33,0.18,9.3
-3.29,0.27,9.28
-3.3,0.29,9.37
-3.26,0.31,9.38
-3.26,0.34,9.35
-3.24,0.29,9.31
-3.25,0.25,9.34
-3.22,0.22,9.38
-3.23,0.25,9.3
-3.33,0.24,9.37
-3.36,0.27,9.3
-3.38,0.24,9.36
-3.33,0.23,9.36
-3.31,0.26,9.43
-3.24,0.27,9.33
-3.33,0.25,9.37
-3.35,0.26,9.35
-3.3,0.29,9.33
-3.3,0.26,9.32
-3.24,0.27,9.29
-3.27,0.26,9.27
-3.31,0.28,9.43
-3.33,0.26,9.4
-3.24,0.33,9.22
-3.29,0.31,9.45
-3.23,0.31,9.45
-3.28,0.34,9.16
-3.38,0.33,9.21
-3.31,0.34,9.31
-3.29,0.23,9.33
-3.3,0.27,9.34
-3.31,0.23,9.3
-3.32,0.25,9.34
-3.3,0.26,9.28
-3.38,0.29,9.23
-3.37,0.27,9.16
-3.4,0.28,9.21
-3.46,0.28,9.29
-3.4,0.29,9.17
-3.46,0.26,9.18
-3.4,0.29,9.33
-3.44,0.34,9.33
-3.4,0.33,9.45
-3.36,0.35,9.48
-3.4,0.34,9.4
-3.36,0.35,9.17
-3.31,0.34,9.21
-3.29,0.26,9.28
-3.3,0.26,9.33
-3.29,0.26,9.38
-3.3,0.27,9.45
-3.4,0.29,9.47
-3.41,0.3,9.39
-3.51,0.28,9.27
-3.45,0.22,9.33
-3.41,0.23,9.34
-3.4,0.24,9.28
-3.4,0.26,9.28
-3.35,0.26,9.26
-3.43,0.29,9.28
-3.45,0.26,9.31
-3.47,0.27,9.35
-3.43,0.28,9.28
-3.54,0.24,9.35
-3.51,0.33,9.37
-3.43,0.38,9.24
-3.39,0.34,9.14
-3.37,0.27,9.17
-3.4,0.2,9.26
-3.45,0.2,9.31
-3.46,0.24,9.35
-3.45,0.28,9.34
-3.39,0.31,9.39
-3.42,0.35,9.33
-3.38,0.28,9.27
-3.37,0.27,9.28
-3.48,0.25,9.23
-3.44,0.27,9.4
-3.55,0.28,9.29
-3.55,0.24,9.32
-3.52,0.27,9.27
-3.57,0.23,9.3
-3.53,0.23,9.33
-3.47,0.27,9.34
-3.52,0.3,9.38
-3.48,0.28,9.35
-3.43,0.27,9.32
-3.4,0.25,9.25
-3.48,0.24,9.37
-3.51,0.21,9.31
-3.51,0.19,9.24
-3.52,0.18,9.31
-3.53,0.19,9.41
-3.5,0.16,9.42
-3.52,0.22,9.31
-3.42,0.26,9.28
-3.44,0.24,9.32
-3.42,0.24,9.3
-3.43,0.23,9.28
-3.52,0.22,9.27
-3.47,0.19,9.25
-3.52,0.21,9.29
-3.53,0.21,9.28
-3.53,0.2,9.26
-3.57,0.21,9.26
-3.53,0.2,9.23
-3.51,0.27,9.23
-3.49,0.27,9.28
-3.53,0.29,9.21
-3.54,0.27,9.27
-3.54,0.22,9.32
-3.5,0.24,9.27
-3.49,0.21,9.25
-3.49,0.23,9.28
-3.49,0.19,9.28
-3.52,0.21,9.3
-3.47,0.27,9.28
-3.49,0.23,9.22
-3.49,0.26,9.23
-3.56,0.22,9.24
-3.59,0.22,9.2
-3.52,0.22,9.3
-3.54,0.23,9.34
-3.54,0.22,9.33
-3.53,0.2,9.28
-3.52,0.15,9.25
-3.55,0.21,9.29
-3.59,0.23,9.26
-3.47,0.25,9.25
-3.47,0.25,9.25
-3.51,0.21,9.25
-3.49,0.24,9.24
-3.53,0.25,9.28
-3.47,0.24,9.33
-3.52,0.2,9.35
-3.51,0.21,9.25
-3.51,0.22,9.27
-3.53,0.22,9.26
-3.53,0.26,9.31
-3.47,0.21,9.15
-3.59,0.25,9.32
-3.52,0.22,9.42
-3.5,0.34,9.23
-3.46,0.31,9.22
-3.4,0.28,9.23
-3.5,0.18,9.36
-3.49,0.11,9.35
-3.53,0.17,9.31
-3.48,0.24,9.32
-3.44,0.26,9.34
-3.44,0.25,9.37
-3.4,0.26,9.31
-3.37,0.25,9.24
-3.51,0.2,9.25
-3.53,0.22,9.23
-3.51,0.19,9.32
-3.53,0.19,9.24
-3.53,0.2,9.27
-3.5,0.26,9.34
-3.52,0.25,9.36
-3.51,0.29,9.32
-3.47,0.21,9.27
-3.48,0.21,9.32
-3.42,0.21,9.24
-3.43,0.21,9.31
-3.44,0.27,9.35
-3.43,0.29,9.19
-3.47,0.26,9.27
-3.5,0.24,9.31
-3.5,0.23,9.33
-3.48,0.23,9.29
-3.44,0.26,9.37
-3.46,0.24,9.36
-3.42,0.2,9.39
-3.36,0.22,9.36
-3.38,0.23,9.28
-3.4,0.21,9.3
-3.41,0.21,9.25
-3.48,0.21,9.31
-3.52,0.25,9.22
-3.48,0.18,9.28
-3.53,0.19,9.29
-3.5,0.27,9.38
-3.48,0.27,9.36
-3.48,0.24,9.41
-3.5,0.21,9.32
-3.46,0.17,9.3
-3.42,0.21,9.3
-3.43,0.23,9.29
-3.39,0.25,9.21
-3.4,0.25,9.28
-3.39,0.23,9.32
-3.42,0.21,9.34
-3.41,0.24,9.29
-3.43,0.25,9.31
-3.38,0.25,9.36
-3.42,0.32,9.32
-3.42,0.19,9.28
-3.47,0.2,9.29
-3.53,0.18,9.32
-3.48,0.23,9.3
-3.45,0.23,9.31
-3.42,0.26,9.3
-3.4,0.24,9.35
-3.39,0.19,9.29
-3.41,0.22,9.33
-3.38,0.27,9.35
-3.36,0.22,9.34
-3.35,0.19,9.36
-3.39,0.14,9.32
-3.38,0.23,9.22
-3.44,0.21,9.26
-3.45,0.16,9.29
-3.47,0.21,9.41
-3.39,0.19,9.32
-3.45,0.23,9.3
-3.46,0.23,9.39
-3.4,0.19,9.29
-3.39,0.24,9.29
-3.39,0.19,9.28
-3.4,0.26,9.45
-3.31,0.22,9.45
-3.31,0.25,9.2
-3.38,0.24,9.17
-3.47,0.18,9.42
-3.47,0.29,9.32
-3.41,0.25,9.26
-3.37,0.15,9.38
-3.37,0.15,9.39
-3.36,0.13,9.38
-3.32,0.24,9.32
-3.39,0.27,9.23
-3.36,0.3,9.39
-3.36,0.27,9.29
-3.31,0.2,9.4
-3.31,0.21,9.21
-3.35,0.23,9.22
-3.42,0.27,9.31
-3.43,0.22,9.28
-3.49,0.26,9.32
-3.46,0.25,9.34
-3.42,0.26,9.4
-3.37,0.35,9.35
-3.4,0.32,9.32
-3.37,0.27,9.29
-3.4,0.21,9.38
-3.41,0.25,9.35
-3.37,0.24,9.27
-3.34,0.27,9.33
-3.4,0.23,9.28
-3.36,0.26,9.26
-3.36,0.25,9.4
-3.35,0.24,9.36
-3.35,0.28,9.41
-3.3,0.3,9.34
-3.36,0.25,9.31
-3.31,0.27,9.33
-3.3,0.27,9.38
-3.21,0.27,9.3
-3.3,0.28,9.23
-3.4,0.3,9.23
-3.45,0.23,9.31
-3.44,0.27,9.25
-3.4,0.29,9.25
-3.42,0.32,9.29
-3.36,0.34,9.34
-3.48,0.3,9.33
-3.41,0.3,9.27
-3.44,0.3,9.32
-3.4,0.29,9.39
-3.35,0.27,9.42
-3.41,0.3,9.42
-3.35,0.33,9.37
-3.38,0.28,9.23
-3.4,0.28,9.25
-3.4,0.28,9.41
-3.38,0.27,9.32
-3.34,0.3,9.28
-3.38,0.23,9.32
-3.41,0.27,9.34
-3.37,0.27,9.28
-3.39,0.31,9.32
-3.42,0.31,9.35
-3.45,0.34,9.29
-3.43,0.31,9.29
-3.48,0.29,9.25
-3.47,0.3,9.31
-3.47,0.31,9.3
-3.47,0.3,9.29
-3.45,0.34,9.33
-3.46,0.28,9.37
-3.5,0.31,9.3
-3.45,0.32,9.34
-3.49,0.32,9.4
-3.39,0.33,9.12
-3.46,0.25,9.25
-3.47,0.34,9.35
-3.45,0.34,9.2
-3.43,0.26,9.23
-3.46,0.22,9.23
-3.44,0.32,9.37
-3.33,0.3,9.36
-3.41,0.31,9.25
-3.49,0.34,9.25
-3.43,0.33,9.43
-3.5,0.29,9.22
-3.44,0.32,9.21
-3.51,0.34,9.26
-3.5,0.29,9.3
-3.46,0.26,9.37
-3.46,0.23,9.36
-3.48,0.26,9.28
-3.46,0.28,9.23
-3.47,0.36,9.29
-3.46,0.34,9.29
-3.45,0.27,9.37
-3.48,0.27,9.38
-3.45,0.27,9.26
-3.42,0.28,9.17
-3.43,0.32,9.2
-3.51,0.4,9.23
-3.53,0.3,9.25
-3.53,0.24,9.26
-3.49,0.28,9.15
-3.52,0.27,9.31
-3.53,0.29,9.23
-3.52,0.34,9.15
-3.54,0.28,9.23
-3.48,0.31,9.29
-3.52,0.31,9.28
-3.57,0.34,9.36
-3.54,0.28,9.33
-3.59,0.28,9.29
-3.58,0.28,9.27
-3.59,0.27,9.12
-3.56,0.27,9.23
-3.54,0.29,9.22
-3.54,0.3,9.32
-3.51,0.29,9.33
-3.47,0.34,9.31
-3.48,0.29,9.27
-3.5,0.26,9.35
-3.55,0.22,9.36
-3.57,0.28,9.23
-3.53,0.26,9.32
-3.51,0.33,9.33
-3.6,0.33,9.27
-3.57,0.27,9.25
-3.59,0.27,9.23
-3.52,0.22,9.24
-3.63,0.3,9.22
-3.58,0.28,9.23
-3.57,0.27,9.27
-3.55,0.26,9.38
-3.56,0.26,9.3
-3.54,0.26,9.28
-3.57,0.26,9.21
-3.53,0.33,9.13
-3.53,0.24,9.24
-3.65,0.27,9.22
-3.61,0.23,9.26
-3.55,0.23,9.26
-3.53,0.32,9.23
-3.52,0.35,9.27
-3.52,0.31,9.16
-3.55,0.36,9.09
-3.63,0.27,9.27
-3.61,0.31,9.3
-3.58,0.32,9.2
-3.61,0.24,9.2
-3.53,0.28,9.24
-3.53,0.19,9.3
-3.56,0.25,9.27
-3.62,0.23,9.3
-3.6,0.2,9.31
-3.56,0.25,9.24
-3.58,0.26,9.29
-3.58,0.28,9.24
-3.58,0.29,9.2
-3.55,0.25,9.22
-3.54,0.24,9.19
-3.61,0.27,9.22
-3.6,0.27,9.27
-3.62,0.22,9.15
-3.62,0.21,9.18
-3.61,0.3,9.22
-3.7,0.29,9.26
-3.64,0.27,9.29
-3.6,0.3,9.36
-3.61,0.26,9.26
-3.57,0.3,9.28
-3.6,0.29,9.23
-3.6,0.27,9.14
-3.62,0.26,9.19
-3.63,0.28,9.23
-3.63,0.18,9.3
-3.62,0.21,9.33
-3.6,0.26,9.24
-3.6,0.27,9.26
-3.57,0.3,9.23
-3.6,0.27,9.27
-3.6,0.29,9.27
-3.59,0.27,9.23
-3.66,0.24,9.23
-3.67,0.24,9.17
-3.66,0.25,9.19
-3.65,0.23,9.2
-3.73,0.29,9.29
-3.68,0.27,9.22
-3.64,0.3,9.28
-3.6,0.29,9.19
-3.65,0.34,9.19
-3.64,0.29,9.2
-3.64,0.31,9.22
-3.61,0.31,9.24
-3.64,0.3,9.21
-3.61,0.28,9.22
-3.59,0.26,9.21
-3.57,0.3,9.2
-3.61,0.27,9.21
-3.68,0.25,9.23
-3.67,0.27,9.24
-3.61,0.31,9.25
-3.62,0.26,9.24
-3.65,0.29,9.22
-3.67,0.25,9.21
-3.67,0.22,9.21
-3.65,0.22,9.22
-3.58,0.33,9.28
-3.63,0.27,9.2
-3.62,0.27,9.27
-3.6,0.31,9.24
-3.63,0.32,9.23
-3.66,0.3,9.22
-3.62,0.24,9.24
-3.6,0.28,9.21
-3.59,0.25,9.31
-3.59,0.28,9.26
-3.64,0.33,9.26
-3.62,0.3,9.22
-3.64,0.31,9.18
-3.64,0.29,9.2
-3.68,0.23,9.26
-3.66,0.24,9.28
-3.61,0.26,9.26
-3.65,0.31,9.21
-3.58,0.32,9.16
-3.58,0.28,9.17
-3.71,0.26,9.22
-3.71,0.26,9.24
-3.65,0.28,9.3
-3.67,0.26,9.22
-3.58,0.3,9.2
-3.62,0.33,9.23
-3.55,0.22,9.16
-3.66,0.31,9.1
-3.73,0.24,9.27
-3.76,0.28,9.25
-3.69,0.4,9.08
-3.59,0.28,9.24
-3.57,0.22,9.33
-3.58,0.2,9.36
-3.62,0.22,9.19
-3.67,0.26,9.22
-3.69,0.31,9.35
-3.59,0.28,9.35
-3.53,0.33,9.26
-3.54,0.31,9.21
-3.54,0.29,9.14
-3.66,0.27,9.2
-3.65,0.28,9.22
-3.69,0.26,9.2
-3.71,0.27,9.23
-3.7,0.34,9.22
-3.74,0.27,9.2
-3.73,0.31,9.22
-3.67,0.33,9.2
-3.69,0.34,9.24
-3.61,0.28,9.26
-3.61,0.27,9.24
-3.65,0.27,9.24
-3.69,0.32,9.3
-3.66,0.27,9.19
-3.61,0.31,9.15
-3.69,0.33,9.26
-3.61,0.29,9.24
-3.63,0.29,9.23
-3.61,0.28,9.25
-3.62,0.27,9.19
-3.63,0.24,9.16
-3.57,0.3,9.27
-3.63,0.28,9.28
-3.67,0.33,9.22
-3.68,0.29,9.17
-3.62,0.26,9.3
-3.62,0.31,9.2
-3.58,0.33,9.19
-3.69,0.32,9.19
-3.67,0.27,9.22
-3.69,0.28,9.25
-3.72,0.33,9.28
-3.68,0.3,9.27
-3.67,0.32,9.24
-3.6,0.3,9.14
-3.6,0.32,9.15
-3.63,0.31,9.2
-3.6,0.33,9.24
-3.59,0.27,9.2
-3.7,0.29,9.23
-3.7,0.29,9.16
-3.66,0.24,9.14
-3.69,0.32,9.19
-3.7,0.34,9.24
-3.65,0.31,9.32
-3.69,0.35,9.3
-3.72,0.28,9.22
-3.71,0.27,9.22
-3.79,0.27,9.16
-3.77,0.28,9.2
-3.73,0.32,9.23
-3.7,0.31,9.27
-3.7,0.27,9.17
-3.68,0.28,9.21
-3.72,0.33,9.14
-3.71,0.3,9.17
-3.72,0.28,9.24
-3.68,0.29,9.33
-3.61,0.28,9.21
-3.66,0.32,9.09
-3.71,0.29,9.18
-3.79,0.29,9.27
-3.72,0.32,9.19
-3.76,0.29,9.27
-3.73,0.28,9.22
-3.75,0.3,9.24
-3.76,0.35,9.27
-3.67,0.4,9.23
-3.75,0.29,9.27
-3.72,0.29,9.17
-3.74,0.34,9.0
-3.75,0.32,9.23
-3.75,0.37,9.22
-3.73,0.44,9.12
-3.73,0.31,9.12
-3.69,0.23,9.22
-3.69,0.34,9.14
-3.66,0.29,9.3
-3.64,0.31,9.19
-3.66,0.33,9.22
-3.65,0.31,9.22
-3.72,0.32,9.27
-3.67,0.31,9.21
-3.73,0.36,9.19
-3.7,0.3,9.09
-3.77,0.35,9.24
-3.76,0.34,9.19
-3.7,0.34,9.15
-3.76,0.38,9.13
-3.75,0.39,9.33
-3.73,0.39,9.25
-3.73,0.34,9.22
-3.67,0.36,9.22
-3.63,0.34,9.18
-3.63,0.27,9.11
-3.58,0.34,9.17
-3.7,0.34,9.22
-3.75,0.35,9.15
-3.71,0.34,9.23
-3.79,0.31,9.26
-3.79,0.33,9.34
-3.72,0.37,9.19
-3.67,0.37,9.13
-3.72,0.4,9.16
-3.72,0.4,9.15
-3.76,0.33,9.11
-3.75,0.43,9.14
-3.75,0.35,9.22
-3.78,0.36,9.21
-3.8,0.34,9.22
-3.73,0.41,9.12
-3.75,0.45,9.1
-3.77,0.44,9.14
-3.79,0.41,9.18
-3.76,0.36,9.28
-3.71,0.3,9.16
-3.69,0.33,9.14
-3.69,0.36,9.14
-3.68,0.36,9.18
-3.74,0.35,9.14
-3.79,0.36,9.15
-3.79,0.34,9.22
-3.81,0.35,9.15
-3.79,0.35,9.21
-3.75,0.4,9.23
-3.79,0.39,9.14
-3.79,0.34,9.18
-3.79,0.37,9.02
-3.76,0.37,8.99
-3.81,0.39,9.13
-3.8,0.37,9.17
-3.76,0.34,9.07
-3.76,0.4,9.1
-3.8,0.36,9.08
-3.85,0.37,9.05
-3.85,0.36,9.07
-3.89,0.33,9.13
-3.88,0.35,9.24
-3.84,0.39,9.17
-3.76,0.44,9.07
-3.76,0.38,9.17
-3.72,0.4,9.0
-3.79,0.34,9.04
-3.91,0.43,9.08
-3.92,0.51,9.03
-3.88,0.34,9.03
-3.86,0.31,9.18
-3.87,0.33,9.22
-3.82,0.37,9.22
-3.86,0.45,9.11
-3.82,0.45,9.03
-3.88,0.4,9.14
-3.87,0.36,9.23
-3.78,0.34,9.18
-3.8,0.38,9.03
-3.87,0.38,9.12
-3.91,0.34,9.05
-3.91,0.34,9.09
-3.95,0.4,9.25
-3.96,0.35,9.13
-3.96,0.45,9.16
-3.96,0.39,9.18
-3.93,0.38,9.11
-3.96,0.4,9.09
-3.98,0.37,9.14
-3.93,0.34,9.22
-3.86,0.38,9.11
-3.89,0.36,9.06
-3.88,0.34,8.92
-3.88,0.35,9.01
-3.96,0.3,9.05
-3.99,0.3,9.17
-3.95,0.29,9.16
-3.9,0.39,9.08
-3.87,0.4,9.1
-3.95,0.37,9.15
-3.93,0.43,9.09
-3.94,0.36,9.05
-3.94,0.39,9.05
-3.97,0.4,9.11
-3.97,0.38,9.07
-3.98,0.36,9.06
-4.02,0.37,9.06
-3.91,0.44,9.02
-3.95,0.48,9.06
-3.96,0.42,8.98
-3.94,0.44,9.0
-3.94,0.42,9.06
-3.98,0.36,9.16
-3.98,0.33,9.15
-3.95,0.31,9.03
-3.96,0.32,9.09
-3.93,0.36,9.06
-3.96,0.38,9.06
-3.97,0.35,9.0
-3.99,0.36,9.06
-3.98,0.39,9.06
-4.01,0.37,9.04
-3.99,0.39,9.05
-4.02,0.42,9.07
-4.05,0.36,9.06
-3.98,0.43,8.99
-3.96,0.38,9.05
-3.98,0.44,9.1
-4.0,0.43,9.15
-3.98,0.37,9.04
-4.0,0.4,9.06
-4.04,0.38,9.01
-4.02,0.34,9.03
-3.98,0.37,9.02
-4.02,0.4,9.0
-3.95,0.37,9.03
-4.07,0.44,9.03
-4.03,0.44,9.11
-4.05,0.36,9.09
-4.01,0.41,8.96
-3.97,0.37,9.1
-4.03,0.42,9.09
-4.02,0.53,8.91
-4.0,0.41,8.96
-3.98,0.35,8.89
-4.01,0.33,9.02
-4.05,0.35,9.07
-4.05,0.37,9.07
-4.04,0.46,9.09
-4.02,0.44,9.18
-4.0,0.39,9.07
-4.05,0.4,9.03
-4.01,0.42,8.99
-4.02,0.39,9.01
-4.13,0.36,9.02
-4.12,0.39,9.02
-4.13,0.34,9.01
-4.13,0.38,9.05
-4.09,0.35,9.04
-4.01,0.41,9.09
-4.05,0.42,9.06
-4.05,0.44,9.14
-4.08,0.39,9.08
-4.08,0.38,9.02
-4.05,0.37,9.03
-4.04,0.39,8.99
-4.03,0.4,8.98
-4.04,0.45,9.01
-4.02,0.39,9.01
-4.09,0.38,9.1
-4.12,0.39,9.07
-4.12,0.38,9.12
-4.11,0.41,9.1
-4.06,0.45,9.02
-4.08,0.47,9.04
-4.06,0.4,9.02
-4.13,0.39,8.97
-4.13,0.42,8.97
-4.09,0.35,8.99
-4.11,0.39,8.97
-4.11,0.36,8.96
-4.12,0.38,9.0
-4.08,0.46,9.07
-4.08,0.43,9.0
-4.13,0.46,9.02
-4.16,0.46,8.96
-4.17,0.4,8.99
-4.11,0.4,9.06
-4.12,0.43,8.96
-4.11,0.39,8.99
-4.12,0.39,9.13
-4.05,0.4,9.04
-4.1,0.38,8.99
-4.09,0.39,9.03
-4.15,0.4,9.02
-4.11,0.42,9.01
-4.15,0.43,8.99
-4.13,0.35,8.99
-4.12,0.37,8.99
-4.17,0.44,9.04
-4.12,0.45,8.96
-4.15,0.45,8.95
-4.17,0.4,9.0
-4.12,0.37,9.05
-4.16,0.39,8.98
-4.06,0.45,9.0
-4.15,0.42,9.02
-4.14,0.45,8.99
-4.17,0.44,9.06
-4.18,0.46,8.99
-4.17,0.42,9.02
-4.15,0.45,9.02
-4.16,0.38,8.99
-4.14,0.44,8.8
-4.17,0.51,8.88
-4.23,0.45,8.95
-4.2,0.43,9.07
-4.19,0.4,9.03
-4.16,0.4,8.99
-4.12,0.47,8.96
-4.12,0.48,8.92
-4.17,0.46,8.94
-4.21,0.47,8.91
-4.22,0.52,8.93
-4.25,0.46,9.05
-4.19,0.54,8.99
-4.21,0.56,8.96
-4.21,0.45,9.05
-4.21,0.41,9.07
-4.18,0.38,8.99
-4.16,0.43,8.89
-4.21,0.52,8.93
-4.18,0.54,9.03
-4.15,0.5,9.03
-4.17,0.49,9.0
-4.12,0.48,8.79
-4.17,0.48,8.9
-4.24,0.45,8.92
-4.26,0.44,8.99
-4.28,0.46,8.94
-4.22,0.52,8.9
-4.21,0.57,8.99
-4.25,0.52,8.94
-4.29,0.53,9.05
-4.21,0.54,8.9
-4.22,0.56,8.93
-4.22,0.5,9.01
-4.21,0.5,9.0
-4.26,0.56,8.9
-4.24,0.51,8.91
-4.26,0.47,8.85
-4.21,0.54,8.85
-4.28,0.52,8.92
-4.26,0.56,9.08
-4.29,0.56,8.96
-4.28,0.53,8.9
-4.3,0.54,8.97
-4.3,0.56,9.07
-4.28,0.57,8.94
-4.3,0.59,8.88
-4.32,0.56,8.87
-4.3,0.57,8.87
-4.31,0.55,8.89
-4.27,0.59,8.85
-4.25,0.54,8.87
-4.25,0.59,8.93
-4.35,0.56,8.9
-4.34,0.58,8.93
-4.28,0.57,8.85
-4.33,0.63,8.92
-4.34,0.57,8.92
-4.29,0.59,8.81
-4.35,0.55,8.8
-4.34,0.54,8.86
-4.31,0.59,8.89
-4.32,0.56,8.89
-4.27,0.63,8.83
-4.27,0.58,8.85
-4.35,0.58,8.89
-4.36,0.63,8.94
-4.35,0.62,8.81
-4.41,0.62,8.81
-4.37,0.65,8.89
-4.37,0.6,8.84
-4.37,0.57,8.82
-4.37,0.57,8.86
-4.36,0.59,8.83
-4.4,0.62,8.84
-4.35,0.68,8.85
-4.41,0.6,8.77
-4.4,0.57,8.8
-4.4,0.62,8.8
-4.35,0.59,8.78
-4.4,0.67,8.81
-4.43,0.71,8.85
-4.5,0.72,8.88
-4.36,0.7,8.73
-4.48,0.7,8.82
-4.49,0.72,8.77
-4.53,0.7,8.79
-4.49,0.62,8.9
-4.44,0.6,8.87
-4.44,0.67,8.83
-4.45,0.65,8.8
-4.46,0.68,8.81
-4.43,0.7,8.76
-4.41,0.66,8.83
-4.37,0.7,8.78
-4.45,0.72,8.79
-4.43,0.65,8.86
-4.48,0.62,8.8
-4.44,0.63,8.76
-4.52,0.59,8.79
-4.53,0.66,8.76
-4.51,0.68,8.83
-4.47,0.74,8.79
-4.44,0.7,8.88
-4.42,0.68,8.81
-4.48,0.7,8.8
-4.45,0.65,8.87
-4.42,0.66,8.81
-4.42,0.64,8.76
-4.5,0.71,8.74
-4.5,0.7,8.75
-4.48,0.69,8.79
-4.5,0.64,8.76
-4.48,0.64,8.78
-4.5,0.7,8.74
-4.58,0.74,8.78
-4.52,0.7,8.65
-4.5,0.65,8.73
-4.51,0.66,8.74
-4.58,0.76,8.77
-4.55,0.71,8.7
-4.59,0.65,8.75
-4.54,0.7,8.68
-4.55,0.67,8.59
-4.59,0.71,8.67
-4.66,0.68,8.87
-4.67,0.73,8.8
-4.6,0.74,8.68
-4.58,0.69,8.74
-4.58,0.67,8.69
-4.59,0.7,8.67
-4.57,0.68,8.72
-4.62,0.69,8.68
-4.63,0.65,8.72
-4.62,0.69,8.74
-4.61,0.68,8.8
-4.61,0.65,8.64
-4.57,0.73,8.63
-4.65,0.73,8.62
-4.7,0.7,8.78
-4.71,0.68,8.76
-4.7,0.74,8.67
-4.64,0.72,8.74
-4.67,0.74,8.67
-4.72,0.7,8.74
-4.7,0.7,8.89
-4.61,0.76,8.78
-4.55,0.72,8.69
-4.63,0.7,8.62
-4.64,0.77,8.66
-4.74,0.71,8.77
-4.64,0.75,8.66
-4.67,0.69,8.65
-4.67,0.8,8.7
-4.71,0.75,8.61
-4.72,0.72,8.66
-4.7,0.67,8.74
-4.72,0.65,8.77
-4.68,0.68,8.71
-4.72,0.71,8.76
-4.71,0.75,8.68
-4.66,0.77,8.65
-4.68,0.75,8.71
-4.64,0.71,8.65
-4.64,0.69,8.63
-4.71,0.71,8.7
-4.71,0.73,8.72
-4.77,0.72,8.67
-4.72,0.71,8.64
-4.77,0.7,8.64
-4.66,0.7,8.73
-4.7,0.72,8.64
-4.78,0.77,8.7
-4.79,0.8,8.73
-4.76,0.77,8.64
-4.72,0.7,8.61
-4.68,0.64,8.67
-4.7,0.71,8.64
-4.73,0.72,8.56
-4.75,0.77,8.61
-4.72,0.71,8.73
-4.8,0.73,8.63
-4.76,0.75,8.66
-4.81,0.76,8.62
-4.72,0.78,8.67
-4.7,0.77,8.64
-4.7,0.79,8.69
-4.73,0.8,8.62
-4.75,0.72,8.64
-4.78,0.76,8.65
-4.76,0.79,8.62
-4.78,0.74,8.64
-4.77,0.72,8.68
-4.73,0.79,8.51
-4.71,0.77,8.6
-4.84,0.79,8.63
-4.8,0.8,8.59
-4.75,0.78,8.59
-4.74,0.76,8.61
-4.75,0.8,8.67
-4.75,0.78,8.7
-4.78,0.75,8.59
-4.77,0.75,8.61
-4.79,0.76,8.62
-4.78,0.74,8.57
-4.73,0.79,8.6
-4.75,0.79,8.7
-4.78,0.78,8.68
-4.77,0.8,8.67
-4.82,0.78,8.58
-4.75,0.76,8.59
-4.75,0.77,8.62
-4.75,0.81,8.66
-4.8,0.8,8.64
-4.74,0.79,8.61
-4.75,0.8,8.61
-4.82,0.78,8.6
-4.79,0.82,8.61
-4.83,0.8,8.54
-4.83,0.8,8.59
-4.89,0.85,8.61
-4.83,0.8,8.7
-4.83,0.78,8.64
-4.83,0.79,8.61
-4.81,0.79,8.66
-4.89,0.8,8.64
-4.83,0.77,8.56
-4.85,0.76,8.63
-4.85,0.8,8.63
-4.8,0.8,8.53
-4.81,0.8,8.6
-4.86,0.84,8.63
-4.9,0.82,8.67
-4.84,0.86,8.52
-4.74,0.98,8.5
-4.74,0.9700001,8.58
-4.79,0.92,8.64
-4.78,0.72,8.66
-4.77,0.53,8.62
-4.73,0.56,8.61
-4.67,0.78,8.6
-4.68,0.9599999,8.65
-4.74,1.02,8.65
-4.7,0.9700001,8.65
-4.65,0.78,8.64
-4.53,0.69,8.64
-4.55,0.63,8.69
-4.74,0.66,8.58
-4.74,0.73,8.58
-4.97,0.8,8.56
-4.98,0.84,8.54
-4.92,0.74,8.65
-4.83,0.68,8.68
-4.78,0.72,8.57
-4.79,0.81,8.62
-4.76,0.79,8.6
-4.78,0.76,8.55
-4.78,0.69,8.66
-4.75,0.69,8.59
-4.73,0.69,8.66
-4.78,0.68,8.67
-4.69,0.72,8.69
-4.71,0.71,8.59
-4.82,0.75,8.69
-4.86,0.75,8.57
-4.79,0.7,8.54
-4.71,0.69,8.68
-4.66,0.72,8.66
-4.66,0.67,8.61
-4.74,0.71,8.65
-4.89,0.62,8.65
-4.96,0.58,8.75
-4.95,0.6,8.58
-4.92,0.66,8.51
-4.89,0.71,8.58
-4.93,0.75,8.54
-4.89,0.76,8.55
-4.85,0.76,8.61
-4.76,0.68,8.68
-4.73,0.64,8.5
-4.81,0.66,8.53
-4.83,0.74,8.58
-4.87,0.76,8.59
-4.89,0.71,8.7
-4.8,0.66,8.63
-4.73,0.54,8.72
-4.76,0.56,8.62
-4.76,0.75,8.59
-4.82,0.8,8.57
-4.87,0.79,8.61
-4.87,0.73,8.68
-4.82,0.7,8.7
-4.76,0.74,8.56
-4.8,0.81,8.52
-4.8,0.87,8.53
-4.87,0.89,8.57
-4.83,0.82,8.6
-4.86,0.8,8.56
-4.78,0.67,8.68
-4.73,0.83,8.7
-4.75,0.81,8.63
-4.78,0.86,8.49
-4.79,0.87,8.48
-4.75,0.82,8.54
-4.76,0.8,8.6
-4.78,0.77,8.56
-4.82,0.76,8.62
-4.81,0.81,8.63
-4.82,0.83,8.74